category,comment,director,ranking,rate,region,score_number,title,year
犯罪 剧情,希望让人自由。,"弗兰克·德拉邦特 ,Frank Darabont",1,9.7,美国,1944879,"肖申克的救赎,The Shawshank Redemption,月黑高飞(港)  /  刺激1995(台)",1994
剧情 爱情 同性,风华绝代。,"陈凯歌 ,Kaige Chen",2,9.6,中国大陆 中国香港,1432756,"霸王别姬,再见，我的妾  /  Farewell My Concubine",1993
剧情 爱情,一部美国近现代史。,"罗伯特·泽米吉斯 ,Robert Zemeckis",3,9.5,美国,1476537,"阿甘正传,Forrest Gump,福雷斯特·冈普",1994
剧情 动作 犯罪,怪蜀黍和小萝莉不得不说的故事。,"吕克·贝松 ,Luc Besson",4,9.4,法国,1671216,"这个杀手不太冷,Léon,杀手莱昂  /  终极追杀令(台)",1994
剧情 喜剧 爱情 战争,最美的谎言。,"罗伯托·贝尼尼 ,Roberto Benigni",5,9.5,意大利,933628,"美丽人生,La vita è bella,一个快乐的传说(港)  /  Life Is Beautiful",1997
剧情 爱情 灾难,失去的才是永恒的。 ,"詹姆斯·卡梅隆 ,James Cameron",6,9.4,美国,1422448,"泰坦尼克号,Titanic,铁达尼号(港 / 台)",1997
剧情 动画 奇幻,最好的宫崎骏，最好的久石让。 ,"宫崎骏 ,Hayao Miyazaki",7,9.3,日本,1520928,"千与千寻,千と千尋の神隠し,神隐少女(台)  /  千与千寻的神隐",2001
剧情 历史 战争,拯救一个人，就是拯救整个世界。,"史蒂文·斯皮尔伯格 ,Steven Spielberg",8,9.5,美国,753795,"辛德勒的名单,Schindler's List,舒特拉的名单(港)  /  辛德勒名单",1993
剧情 科幻 悬疑 冒险,诺兰给了我们一场无法盗取的梦。,"克里斯托弗·诺兰 ,Christopher Nolan",9,9.3,美国 英国,1418509,"盗梦空间,Inception,潜行凶间(港)  /  全面启动(台)",2010
剧情,永远都不能忘记你所爱的人。,"莱塞·霍尔斯道姆 ,Lasse Hallström",10,9.4,美国 英国,978221,"忠犬八公的故事,Hachi: A Dog's Tale,忠犬小八(台)  /  秋田犬八千(港)",2009
剧情 音乐,每个人都要走一条自己坚定了的路，就算是粉身碎骨。 ,"朱塞佩·托纳多雷 ,Giuseppe Tornatore",11,9.3,意大利,1179932,"海上钢琴师,La leggenda del pianista sull'oceano,声光伴我飞(港)  /  一九零零的传奇",1998
科幻 动画 冒险,小瓦力，大人生。,"安德鲁·斯坦顿 ,Andrew Stanton",12,9.3,美国,936050,"机器人总动员,WALL·E,瓦力(台)  /  太空奇兵·威E(港)",2008
剧情 喜剧 爱情 歌舞,英俊版憨豆，高情商版谢耳朵。,"拉库马·希拉尼 ,Rajkumar Hirani",13,9.2,印度,1307552,"三傻大闹宝莱坞,3 Idiots,三个傻瓜(台)  /  作死不离3兄弟(港)",2009
剧情 科幻,如果再也不能见到你，祝你早安，午安，晚安。,"彼得·威尔 ,Peter Weir",14,9.3,美国,1042581,"楚门的世界,The Truman Show,真人Show(港)  /  真人戏",1998
剧情 音乐,天籁一般的童声，是最接近上帝的存在。 ,"克里斯托夫·巴拉蒂 ,Christophe Barratier",15,9.3,法国 瑞士 德国,910082,"放牛班的春天,Les choristes,歌声伴我心(港)  /  唱诗班男孩",2004
剧情 科幻 冒险,爱是一种力量，让我们超越时空感知它的存在。,"克里斯托弗·诺兰 ,Christopher Nolan",16,9.3,美国 英国 加拿大 冰岛,1051441,"星际穿越,Interstellar,星际启示录(港)  /  星际效应(台)",2014
喜剧 爱情 奇幻 古装,一生所爱。,"刘镇伟 ,Jeffrey Lau",17,9.2,中国香港 中国大陆,1028779,"大话西游之大圣娶亲,西遊記大結局之仙履奇緣,西游记完结篇仙履奇缘  /  齐天大圣西游记",1995
剧情,我们一路奋战不是为了改变世界，而是为了不让世界改变我们。,"黄东赫 ,Dong-hyuk Hwang",18,9.3,韩国,631726,"熔炉,도가니,无声呐喊(港)  /  漩涡",2011
喜剧 动画 冒险,迪士尼给我们营造的乌托邦就是这样，永远善良勇敢，永远出乎意料。,"拜伦·霍华德 ,Byron Howard ",19,9.2,美国,1222135,"疯狂动物城,Zootopia,优兽大都会(港)  /  动物方城市(台)",2016
剧情 犯罪 悬疑,香港电影史上永不过时的杰作。,"刘伟强 ,",20,9.2,中国香港,838866,"无间道,無間道,Infernal Affairs  /  Mou gaan dou",2002
动画 奇幻 冒险,人人心中都有个龙猫，童年就永远不会消失。,"宫崎骏 ,Hayao Miyazaki",21,9.2,日本,876989,"龙猫,となりのトトロ,邻居托托罗  /  邻家的豆豆龙",1988
剧情 犯罪,千万不要记恨你的对手，这样会让你失去理智。,"弗朗西斯·福特·科波拉 ,Francis Ford Coppola",22,9.3,美国,641951,"教父,The Godfather,Mario Puzo's The Godfather",1972
剧情 传记 家庭,平民励志片。 ,"加布里尔·穆奇诺 ,Gabriele Muccino",23,9.1,美国,1047155,"当幸福来敲门,The Pursuit of Happyness,寻找快乐的故事(港)  /  追求快乐",2006
剧情 喜剧 爱情,真正的幸福是来自内心深处。,"罗伯·莱纳 ,Rob Reiner",24,9.1,美国,1210920,"怦然心动,Flipped,萌动青春  /  青春萌动",2010
剧情 喜剧,满满温情的高雅喜剧。,"奥利维·那卡什 ,Olivier Nakache ",25,9.2,法国,684124,"触不可及,Intouchables,闪亮人生(港)  /  逆转人生(台)",2011
剧情 动作 科幻 犯罪 惊悚,无尽的黑暗。,"克里斯托弗·诺兰 ,Christopher Nolan",26,9.2,美国 英国,705371,"蝙蝠侠：黑暗骑士,The Dark Knight,蝙蝠侠前传2：黑暗骑士  /  黑暗骑士(台)",2008
剧情 犯罪 悬疑,比利·怀德满分作品。,"比利·怀尔德 ,Billy Wilder",27,9.6,美国,266275,"控方证人,Witness for the Prosecution,雄才伟略  /  情妇",1957
剧情 历史 家庭,张艺谋最好的电影。,"张艺谋 ,Yimou Zhang",28,9.2,中国大陆 中国香港,544608,"活着,人生  /  Lifetimes",1994
剧情 历史 爱情 战争,Tomorrow is another day.,"维克多·弗莱明 ,Victor Fleming ",29,9.3,美国,468012,"乱世佳人,Gone with the Wind,飘",1939
喜剧 动画 奇幻 音乐,死亡不是真的逝去，遗忘才是永恒的消亡。,"李·昂克里奇 ,Lee Unkrich ",30,9.1,美国,1017442,"寻梦环游记,Coco,可可夜总会(台)  /  玩转极乐园(港)",2017
剧情 传记 历史,“不要跟我比惨，我比你更惨”再适合这部电影不过了。,"贝纳尔多·贝托鲁奇 ,Bernardo Bertolucci",31,9.2,英国 意大利 中国大陆 法国,483025,"末代皇帝,The Last Emperor,末代皇帝溥仪(港)",1987
剧情 传记 运动 家庭,你不是在为你一个人战斗，你要让千千万万的女性看到女生并不是只能相夫教子。,"涅提·蒂瓦里 ,Nitesh Tiwari",32,9.0,印度,1064961,"摔跤吧！爸爸,Dangal,我和我的冠军女儿(台)  /  打死不离3父女(港)",2016
剧情 奇幻 冒险,瑰丽壮观、无人能及的冒险之旅。,"李安 ,Ang Lee",33,9.1,美国 中国台湾 英国 加拿大,995264,"少年派的奇幻漂流,Life of Pi,少年Pi的奇幻漂流  /  漂流少年Pi",2012
剧情 动作 奇幻 冒险,史诗的终章。,"彼得·杰克逊 ,Peter Jackson",34,9.2,美国 新西兰,515450,"指环王3：王者无敌,The Lord of the Rings: The Return of the King,魔戒三部曲：王者再临(台 / 港) ",2003
剧情 喜剧 动画 冒险,最后那些最无聊的事情，才是最值得怀念的。 ,"彼特·道格特 ,Pete Docter ",35,9.0,美国,923080,"飞屋环游记,Up,冲天救兵(港)  /  天外奇迹(台)",2009
剧情,凝视卑弱生命，用电影改变命运。,"娜丁·拉巴基 ,Nadine Labaki",36,9.1,黎巴嫩 法国 美国,606188,"何以为家,كفرناحوم,迦百农  /  星仔打官司(港)",2018
剧情,1957年的理想主义。 ,",Sidney Lumet",37,9.4,美国,310881,"十二怒汉,12 Angry Men,12怒汉  /  十二怒汉",1957
剧情 历史 战争,对敌人的仁慈，就是对自己残忍。,"姜文 ,Wen Jiang",38,9.2,中国大陆,426927,"鬼子来了,Devils on the Doorstep",2000
动画 奇幻 冒险,对天空的追逐，永不停止。 ,"宫崎骏 ,Hayao Miyazaki",39,9.1,日本,586408,"天空之城,天空の城ラピュタ,Tenkû no shiro Rapyuta  /  Laputa: Castle in the Sky",1986
喜剧 爱情 奇幻 古装,旷古烁今。,"刘镇伟 ,Jeffrey Lau",40,9.0,中国香港 中国大陆,827058,"大话西游之月光宝盒,西遊記第壹佰零壹回之月光寶盒,西游记101回月光宝盒  /  齐天大圣东游记",1995
动画 奇幻 冒险,带着心爱的人在天空飞翔。,"宫崎骏 ,Hayao Miyazaki",41,9.0,日本,670672,"哈尔的移动城堡,ハウルの動く城,哈尔移动城堡(港)  /  呼啸山城",2004
剧情 爱情,那些吻戏，那些青春，都在影院的黑暗里被泪水冲刷得无比清晰。,"朱塞佩·托纳多雷 ,Giuseppe Tornatore",42,9.2,意大利 法国,464924,"天堂电影院,Nuovo Cinema Paradiso,星光伴我心(港)  /  新天堂乐园(台)",1988
剧情,受过伤害的人总是笑得最开心，因为他们不愿意让身边的人承受一样的痛苦。,"李濬益 ,Jun-ik Lee",43,9.2,韩国,418778,"素媛,소원,许愿  /  希望：为爱重生(台)",2013
喜剧 剧情 爱情,爱情哪怕只有一天。,"威廉·惠勒 ,William Wyler",44,9.0,美国,676474,"罗马假日,Roman Holiday,金枝玉叶(港)  /  罗马假期(台)",1953
剧情,史上最美的探戈。,"马丁·布莱斯 ,Martin Brest",45,9.1,美国,587072,"闻香识女人,Scent of a Woman,女人香  /  女人的芳香",1992
剧情,电影的现实意义大过电影本身。,"杨宇硕 ,Woo-seok Yang",46,9.2,韩国,418414,"辩护人,변호인,逆权大状(港)  /  正义辩护人(台)",2013
剧情 动作 悬疑 惊悚,邪恶与平庸蛰伏于同一个母体，在特定的时间互相对峙。,"大卫·芬奇 ,David Fincher",47,9.0,美国 德国,614787,"搏击俱乐部,Fight Club,搏击会(港)  /  斗阵俱乐部(台)",1999
奇幻 冒险,童话世界的开端。,",Chris Columbus",48,9.0,美国 英国,621397,"哈利·波特与魔法石,Harry Potter and the Sorcerer's Stone,哈利波特1：神秘的魔法石(港 / 台) ",2001
剧情,当一个死水般的体制内出现一个活跃的变数时，所有的腐臭都站在了光明的对面。,"彼得·威尔 ,Peter Weir",49,9.1,美国,481374,"死亡诗社,Dead Poets Society,暴雨骄阳(港)  /  春风化雨(台)",1989
剧情 喜剧,对我们国家而言，这样的电影多一部是一部。,"文牧野 ,Muye Wen",50,9.0,中国大陆,1435130,"我不是药神,中国药神  /  印度药神",2018
剧情 犯罪,优雅的孤独。,"弗朗西斯·福特·科波拉 ,Francis Ford Coppola",51,9.2,美国,353933,"教父2,The Godfather: Part Ⅱ,教父续集  /  教父II",1974
剧情 悬疑,别样人生。,"弗洛里安·亨克尔·冯·多纳斯马尔克 ,Florian Henckel von Donnersmarck",52,9.1,德国,396512,"窃听风暴,Das Leben der Anderen,窃听者(港)  /  他人的生活",2006
动画 冒险 歌舞,动物版《哈姆雷特》。,",Roger Allers ",53,9.0,美国,545208,"狮子王,The Lion King,狮子王3D",1994
剧情 动作 奇幻 冒险,承前启后的史诗篇章。,"彼得·杰克逊 ,Peter Jackson",54,9.1,美国 新西兰,472237,"指环王2：双塔奇兵,The Lord of the Rings: The Two Towers,魔戒二部曲：双城奇谋  /  指环王II：双塔",2002
动画 奇幻,经典之作，历久弥新。,"万籁鸣 ,Laiming Wan ",55,9.3,中国大陆,256288,"大闹天宫,大闹天宫 上下集  /  The Monkey King",1961(中国大陆) / 1964(中国大陆) / 1978(中国大陆) / 2004(中国大陆)
剧情 动作 奇幻 冒险,传说的开始。,"彼得·杰克逊 ,Peter Jackson",56,9.0,新西兰 美国,531052,"指环王1：魔戒再现,The Lord of the Rings: The Fellowship of the Ring,魔戒首部曲：魔戒现身  /  指环王I：护戒使者",2001
剧情 喜剧 犯罪,4个臭皮匠顶个诸葛亮，盖·里奇果然不是盖的。,",Guy Ritchie",57,9.1,英国,420840,"两杆大烟枪,Lock, Stock and Two Smoking Barrels,够姜四小强(港)  /  两根枪管(台)",1998
传记 剧情,爱是一切逻辑和原由。,"朗·霍华德 ,Ron Howard",58,9.0,美国,522109,"美丽心灵,A Beautiful Mind,有你终生美丽(港)  /  美丽境界(台)",2001
剧情,自由万岁。,"米洛斯·福尔曼 ,Miloš Forman",59,9.1,美国,419877,"飞越疯人院,One Flew Over the Cuckoo's Nest,飞越杜鹃窝(台)  /  飞越喜鹊巢",1975
剧情 家庭,人生不能像做菜，把所有的料都准备好了才下锅。,"李安 ,Ang Lee",60,9.1,中国台湾 美国,386958,"饮食男女,飲食男女,Eat Drink Man Woman",1994
剧情 动作 科幻 惊悚,一张面具背后的理想与革命。,"詹姆斯·麦克特格 ,James McTeigue",61,8.9,美国 英国 德国,737100,"V字仇杀队,V for Vendetta,V煞(港)  /  V怪客(台)",2005
动作 科幻,视觉革命。,"安迪·沃卓斯基 ,Andy Wachowski ",62,9.0,美国 澳大利亚,531364,"黑客帝国,The Matrix,廿二世纪杀人网络(港)  /  骇客任务(台)",1999
传记 犯罪 剧情,骗子大师和执著警探的你追我跑故事。 ,"史蒂文·斯皮尔伯格 ,Steven Spielberg",63,9.0,美国 加拿大,534353,"猫鼠游戏,Catch Me If You Can,逍遥法外  /  神鬼交锋(台)",2002
剧情 传记 历史 战争 音乐,音乐能化解仇恨。,"罗曼·波兰斯基 ,Roman Polanski",64,9.1,法国 德国 英国 波兰,349739,"钢琴家,The Pianist,战地琴声(台)  /  战地琴人",2002
剧情 爱情 奇幻,在时间之河里感受溺水之苦。,"大卫·芬奇 ,David Fincher",65,8.9,美国,682436,"本杰明·巴顿奇事,The Curious Case of Benjamin Button,奇幻逆缘(港)  /  班杰明的奇幻旅程(台)",2008
剧情 犯罪 悬疑 惊悚,你以为你以为的就是你以为的。,"奥里奥尔·保罗 ,Oriol Paulo",66,8.8,西班牙,791917,"看不见的客人,Contratiempo,佈局(台)  /  死无对证(港)",2016
剧情 喜剧 动作 西部,你给我翻译翻译，神马叫做TMD的惊喜。,"姜文 ,Wen Jiang",67,8.8,中国大陆 中国香港,1108695,"让子弹飞,让子弹飞一会儿  /  火烧云",2010
剧情 战争 情色,美丽无罪。,"朱塞佩·托纳多雷 ,Giuseppe Tornatore",68,8.9,意大利 美国,668067,"西西里的美丽传说,Malèna,真爱伴我行(台)  /  玛莲娜",2000
纪录片,海豚的微笑，是世界上最高明的伪装。,"路易·西霍尤斯 ,Louie Psihoyos",69,9.3,美国,277655,"海豚湾,The Cove,血色海湾(台)  /  海湾",2009
剧情 儿童 家庭,奔跑的孩子是天使。,"马基德·马基迪 ,Majid Majidi",70,9.2,伊朗,271679,"小鞋子,بچههای آسمان,天堂的孩子  /  小童鞋",1997
剧情 历史 战争,美利坚精神输出大片No1.,"史蒂文·斯皮尔伯格 ,Steven Spielberg",71,9.0,美国,440862,"拯救大兵瑞恩,Saving Private Ryan,雷霆救兵(港)  /  抢救雷恩大兵(台)",1998
剧情 爱情,暗恋的极致。,"岩井俊二 ,Shunji Iwai",72,8.9,日本,627937,"情书,Love Letter,When I Close My Eyes  /  Letters of Love",1995
剧情 传记 爱情 歌舞,用音乐化解仇恨，让歌声串起美好。,"罗伯特·怀斯 ,Robert Wise",73,9.0,美国,407977,"音乐之声,The Sound of Music,仙乐飘飘处处闻(港)  /  真善美(台)",1965
犯罪 剧情,往事如烟，无处祭奠。,"赛尔乔·莱翁内 ,Sergio Leone",74,9.2,美国 意大利,290386,"美国往事,Once Upon a Time in America,四海兄弟(台)  /  义薄云天(港)",1984
剧情 战争,尽管有些不切实际的幻想，这部电影依旧是一部感人肺腑的佳作。,"马克·赫尔曼 ,Mark Herman",75,9.1,英国 美国,334029,"穿条纹睡衣的男孩,The Boy in the Striped Pajamas,穿条纹衣服的男孩  /  穿条纹衣的男孩",2008
剧情 悬疑 惊悚,孪生蝙蝠侠大战克隆金刚狼。,"克里斯托弗·诺兰 ,Christopher Nolan",76,8.9,美国 英国,583522,"致命魔术,The Prestige,顶尖对决(台)  /  死亡魔法(港)",2006
剧情 喜剧 传记,去除成见，需要勇气。,"彼得·法雷里 ,Peter Farrelly",77,8.9,美国,1015572,"绿皮书,Green Book,绿簿旅友(港)  /  幸福绿皮书(台)",2018
剧情 犯罪 悬疑 惊悚,警察抓小偷，老鼠玩死猫。,"大卫·芬奇 ,David Fincher",78,8.8,美国,680683,"七宗罪,Se7en,火线追缉令(台)  /  7宗罪",1995
剧情 喜剧 犯罪,故事的高级讲法。,"昆汀·塔伦蒂诺 ,Quentin Tarantino",79,8.8,美国,579986,"低俗小说,Pulp Fiction,黑色追緝令(台)  /  危险人物(港)",1994
剧情 犯罪 惊悚,安东尼·霍普金斯的顶级表演。,"乔纳森·戴米 ,Jonathan Demme",80,8.8,美国,577121,"沉默的羔羊,The Silence of the Lambs,沉默的羔羊",1991
剧情 悬疑 科幻 惊悚,人的命运被自己瞬间的抉择改变。,"埃里克·布雷斯 ,Eric Bress ",81,8.8,美国 加拿大,641959,"蝴蝶效应,The Butterfly Effect,蝴蝶效应",2004
剧情 歌舞,以戏谑来戏谑戏谑。,"中岛哲也 ,Tetsuya Nakashima",82,8.9,日本,519147,"被嫌弃的松子的一生,嫌われ松子の一生,花样奇缘(港)  /  令人讨厌的松子的一生(台)",2006
剧情 冒险 家庭,如果生活中有什么使你感到快乐，那就去做吧！不要管别人说什么。,"阿兰·葛斯彭纳 ,Alain Gsponer",83,9.2,德国 瑞士 南非,235393,"海蒂和爷爷,Heidi,飘零燕(港)  /  海蒂",2015
剧情 爱情 同性,爱情纠缠，男女一致。,"王家卫 ,Kar Wai Wong",84,8.9,中国香港 日本 韩国,431709,"春光乍泄,春光乍洩,一起快乐  /  Happy Together",1997
剧情 悬疑 惊悚,昔日翩翩少年，今日大腹便便。,",Martin Scorsese",85,8.8,美国,639620,"禁闭岛,Shutter Island,不赦岛(港)  /  隔离岛(台)",2010
剧情,人生中应该拥有这样的一段豁然开朗。,"格斯·范·桑特 ,Gus Van Sant",86,8.9,美国,478822,"心灵捕手,Good Will Hunting,骄阳似我(港)  /  心灵捕手",1997
剧情 喜剧 冒险,小清新的故事里注入了大历史的情怀。,"韦斯·安德森 ,Wes Anderson",87,8.8,美国 德国 英国,605736,"布达佩斯大饭店,The Grand Budapest Hotel,布达佩斯大酒店(港)  /  欢迎来到布达佩斯大饭店(台)",2014
剧情 奇幻 爱情,浪漫忧郁的成人童话。,"蒂姆·波顿 ,Tim Burton",88,8.7,美国,779242,"剪刀手爱德华,Edward Scissorhands,幻海奇缘(港)  /  剪刀手爱德华",1990
动作 科幻 冒险,绝对意义上的美轮美奂。,"詹姆斯·卡梅隆 ,James Cameron",89,8.7,美国 英国,921505,"阿凡达,Avatar,天神下凡(港)  /  化身",2009
动作 传记 剧情 历史 战争,史诗大片的典范。,"梅尔·吉布森 ,Mel Gibson",90,8.9,美国,433895,"勇敢的心,Braveheart,惊世未了缘(港)  /  梅尔吉勃逊之英雄本色(台)",1995
剧情 喜剧 爱情,大时代中的人生，小人物的悲喜。,"查理·卓别林 ,Charles Chaplin",91,9.3,美国,188668,"摩登时代,Modern Times,The Masses  /  Temps modernes, Les",1936
喜剧 爱情,法式小清新。 ,"让-皮埃尔·热内 ,Jean-Pierre Jeunet",92,8.7,法国 德国,747328,"天使爱美丽,Le fabuleux destin d'Amélie Poulain,艾蜜莉的异想世界(台)  /  天使艾米莉",2001
动作 冒险 奇幻,约翰尼·德普的独角戏。,"戈尔·维宾斯基 ,Gore Verbinski",93,8.7,美国,610155,"加勒比海盗,Pirates of the Caribbean: The Curse of the Black Pearl,加勒比海盗1：黑珍珠号的诅咒  /  神鬼奇航：鬼盗船魔咒(台)",2003
喜剧 剧情 爱情,我是一个演员。,"周星驰 ,Stephen Chow ",94,8.7,中国香港,636462,"喜剧之王,喜劇之王,King of Comedy",1999
剧情 悬疑 惊悚,最不可能的那个人永远是最可能的。,"詹姆斯·曼高德 ,James Mangold",95,8.8,美国,536063,"致命ID,Identity,杀人游戏  /  致命身份",2003
剧情 爱情 同性 家庭,每个人心中都有一座断背山。,"李安 ,Ang Lee",96,8.8,美国 加拿大,517920,"断背山,Brokeback Mountain,断臂山  /  BBM",2005
剧情 动作 犯罪 悬疑 惊悚,关于连环杀人悬案的集体回忆。,"奉俊昊 ,Joon-ho Bong",97,8.8,韩国,440891,"杀人回忆,살인의 추억,谋杀回忆  /  杀手回忆录",2003
动画 奇幻 冒险,人与自然的战争史诗。,"宫崎骏 ,Hayao Miyazaki",98,8.9,日本,380683,"幽灵公主,もののけ姫,魔法公主(台)  /  幽灵少女",1997
剧情,人言可畏。,"托马斯·温特伯格 ,Thomas Vinterberg",99,9.1,丹麦 瑞典,236972,"狩猎,Jagten,谎言的烙印(台)  /  诬网(港)",2012
剧情,死可能是一道门，逝去并不是终结，而是超越，走向下一程。,"泷田洋二郎 ,Yôjirô Takita",100,8.8,日本,440068,"入殓师,おくりびと,礼仪师之奏鸣曲(港)  /  礼仪师(台)",2008
剧情 爱情,一场华丽的意淫。,"姜文 ,Wen Jiang",101,8.8,中国大陆 中国香港,437132,"阳光灿烂的日子,In the Heat of the Sun",1994
剧情 爱情,寂寞没有期限。,"王家卫 ,Kar Wai Wong",102,8.7,中国香港,549287,"重庆森林,重慶森林,Chungking Express",1994
剧情 爱情 同性,沉醉在电影的情感和视听氛围中无法自拔。,"卢卡·瓜达尼诺 ,Luca Guadagnino",103,8.9,意大利 法国 巴西 美国 荷兰 德国,419965,"请以你的名字呼唤我,Call Me by Your Name,以你的名字呼唤我(港 / 台) ",2017
剧情 悬疑 惊悚,深入内心的恐怖，出人意料的结局。,"M·奈特·沙马兰 ,M. Night Shyamalan",104,8.9,美国,376106,"第六感,The Sixth Sense,灵异第六感  /  鬼眼",1999
奇幻 冒险,10年的完美句点。,"大卫·叶茨 ,David Yates",105,8.8,美国 英国,504812,"哈利·波特与死亡圣器(下),Harry Potter and the Deathly Hallows: Part 2,哈利波特7：死神的圣物2(港 / 台) ",2011
剧情,那些静得只能听见呼吸的日子里，你明白孤独即生活。,"森淳一 ,Junichi Mori",106,9.0,日本,281265,"小森林 夏秋篇,リトル・フォレスト 夏・秋,小森食光 / 夏秋篇(台) ",2014
剧情 喜剧 家庭,《我是山姆》的《美丽人生》。,"李焕庆 ,Hwan-kyeong Lee",107,8.9,韩国,347909,"7号房的礼物,7번방의 선물,戆爸的礼物(港)  /  7号囚房的礼物",2013
剧情 犯罪 悬疑 惊悚,年度最佳date movie。,"大卫·芬奇 ,David Fincher",108,8.7,美国,618587,"消失的爱人,Gone Girl,失踪的女孩  /  失踪女孩",2014
动画 悬疑 科幻 惊悚,梦的勾结。,"今敏 ,Satoshi Kon",109,9.0,日本,262175,"红辣椒,パプリカ,盗梦侦探  /  帕布莉卡",2006
剧情 喜剧 动画,你是我最好的朋友，你是我唯一的朋友 。,"亚当·艾略特 ,Adam Elliot",110,8.9,澳大利亚,322868,"玛丽和马克思,Mary and Max,巧克力情缘(台)  /  同是天涯寂寞客",2009
剧情 爱情,缘分是个连绵词，最美不过一瞬。,"理查德·林克莱特 ,Richard Linklater",111,8.8,美国 奥地利 瑞士,400614,"爱在黎明破晓前,Before Sunrise,情留半天(港)  /  爱在黎明破晓时(台)",1995
剧情,尊敬他人，尊敬你生活的这片土地，明白孤独是人生的常态。,"森淳一 ,Junichi Mori",112,9.0,日本,247528,"小森林 冬春篇,リトル・フォレスト 冬・春,小森食光 / 冬春篇(台) ",2015
剧情 爱情 动画,少女情怀总是诗。,"近藤喜文 ,Yoshifumi Kondo",113,8.9,日本,309900,"侧耳倾听,耳をすませば,心之谷(台)  /  梦幻街少女(港)",1995
剧情 惊悚,没有一人完全善，也没有一人完全恶。,"中岛哲也 ,Tetsuya Nakashima",114,8.7,日本,522773,"告白,自白  /  母亲",2010
剧情 爱情 家庭,我们都曾经是一一。,"杨德昌 ,Edward Yang",115,9.0,中国台湾 日本,241050,"一一,Yi yi  /  Yi yi: A One and a Two",2000
剧情 家庭 奇幻 冒险,抱着梦想而活着的人是幸福的，怀抱梦想而死去的人是不朽的。,"蒂姆·波顿 ,Tim Burton",116,8.8,美国,404710,"大鱼,Big Fish,大鱼奇缘(港)  /  大智若鱼(台)",2003
剧情 喜剧,再多各自牛逼的时光，也比不上一起傻逼的岁月。 ,"姜炯哲 ,Hyeong-Cheol Kang",117,8.8,韩国,440557,"阳光姐妹淘,써니,阳光姊妹淘(港)  /  桑尼",2011
喜剧 爱情 古装,华太师是黄霑，吴镇宇四大才子之一。,"李力持 ,Lik-Chi Lee",118,8.6,中国香港,687565,"唐伯虎点秋香,唐伯虎點秋香,Flirting Scholar",1993
剧情 动作 科幻 犯罪 惊悚,诺兰就是保证。,"克里斯托弗·诺兰 ,Christopher Nolan",119,8.8,美国 英国,492799,"蝙蝠侠：黑暗骑士崛起,The Dark Knight Rises,蝙蝠侠前传3：黑暗骑士崛起  /  黑暗骑士：黎明升起(台)",2012
喜剧 奇幻 武侠 古装,百看不厌。 ,"刘镇伟 ,Jeffrey Lau",120,8.7,中国香港,450793,"射雕英雄传之东成西就,射鵰英雄傳之東成西就,东成西就  /  大英雄 (日本)",1993
爱情 奇幻 武侠 古装,两张绝世的脸。 ,"程小东 ,Siu-Tung Ching",121,8.7,中国香港,486909,"倩女幽魂,倩女幽魂(87版)  /  倩女幽魂：妖魔道",1987
剧情,穷尽一生，我们要学会的，不过是彼此拥抱。,"托尼·凯耶 ,Tony Kaye",122,8.9,美国,311510,"超脱,Detachment,人间师格(台)",2011
剧情 爱情,相逢只要一瞬间，等待却像是一辈子。,"陈可辛 ,Peter Chan",123,8.8,中国香港,354566,"甜蜜蜜,Comrades: Almost a Love Story",1996
动画 奇幻 冒险,和谐的生活离不开摸头与被摸头。,"迪恩·德布洛斯 ,Dean DeBlois ",124,8.7,美国,522977,"驯龙高手,How to Train Your Dragon,驯龙记(港)",2010
剧情 爱情 动画 奇幻,触不到的恋人。,"大森贵弘 ,Takahiro Omori",125,8.9,日本,331198,"萤火之森,蛍火の杜へ,萤火之社  /  Hotarubi no mori e",2011
剧情 犯罪 悬疑,恐怖分子的“秋菊打官司”。,"金秉祐 ,Byeong-woo Kim",126,8.8,韩国,427757,"恐怖直播,더 테러 라이브,死亡“动”新闻(港)  /  恐怖攻击直播(台)",2013
剧情 喜剧,从没见过那么流氓的温柔，从没见过那么温柔的流氓。,"北野武 ,Takeshi Kitano",127,8.8,日本,347323,"菊次郎的夏天,菊次郎の夏,Kikujirô no natsu  /  菊次郎的夏天",1999
喜剧 剧情 爱情,有时候幸福需要等一等。 ,"史蒂文·斯皮尔伯格 ,Steven Spielberg",128,8.8,美国,369708,"幸福终点站,The Terminal,机场客运站(港)  /  航站情缘(台)",2004
喜剧 动作 科幻 动画 冒险,Balalala~~~,"唐·霍尔 ,Don Hall ",129,8.7,美国,675563,"超能陆战队,Big Hero 6,大英雄联盟(港)  /  大英雄天团(台)",2014
剧情,我的平常生活就是他人的幸福。,"是枝裕和 ,Hirokazu Koreeda",130,9.1,日本,179015,"无人知晓,誰も知らない,谁知赤子心(港)  /  无人知晓的夏日清晨(台)",2004
剧情 爱情,九年后的重逢是世俗和责任的交叠，没了悸动和青涩，沧桑而温暖。,"理查德·林克莱特 ,Richard Linklater",131,8.8,美国 法国,342247,"爱在日落黄昏时,Before Sunset,日落巴黎(港)  /  爱在日落巴黎时(台)",2004
动画 奇幻 冒险,曾经的那段美好会沉淀为一辈子的记忆。,"米林宏昌 ,Hiromasa Yonebayashi",132,8.8,日本,367781,"借东西的小人阿莉埃蒂,借りぐらしのアリエッティ,借物少女艾莉缇(台)  /  借东西的小矮人亚莉亚蒂(港)",2010
喜剧 动画 冒险,Mr. I Don't Care其实也有Care的时候。,"皮艾尔·柯芬 ,Pierre Coffin ",133,8.6,美国 法国,677090,"神偷奶爸,Despicable Me,卑鄙的我  /  坏蛋奖门人(港)",2010
儿童 喜剧 动画 奇幻 冒险,不要给它起名字，起了名字就有感情了。,"彼特·道格特 ,Pete Docter ",134,8.7,美国,439663,"怪兽电力公司,Monsters, Inc.,怪兽公司(港)  /  怪物公司",2001
剧情 犯罪,坏人的好总是比好人的好来得更感人。,"克林特·伊斯特伍德 ,Clint Eastwood",135,9.1,美国,166915,"完美的世界,A Perfect World,强盗保镳",1993
喜剧 动画 奇幻 冒险,跨度十五年的欢乐与泪水。,"李·昂克里奇 ,Lee Unkrich",136,8.8,美国,341358,"玩具总动员3,Toy Story 3,反斗奇兵3(港)  /  玩具的故事3",2010
动画 奇幻 冒险,动画片的圣经。,"宫崎骏 ,Hayao Miyazaki",137,8.9,日本,273362,"风之谷,風の谷のナウシカ,风谷少女  /  Kaze no tani no Naushika",1984
剧情 传记 历史 战争,优秀的战争片不会美化战场，不会粉饰死亡，不会矮化敌人，不会无视常识，最重要的，不会宣扬战争。,"梅尔·吉布森 ,Mel Gibson",138,8.7,美国 澳大利亚,558434,"血战钢锯岭,Hacksaw Ridge,钢锯岭  /  钢铁英雄(台)",2016
犯罪 剧情,被上帝抛弃了的上帝之城。,"费尔南多·梅里尔斯 ,Fernando Meirelles ",139,8.9,巴西 法国,223498,"上帝之城,Cidade de Deus,无主之城 (港)  /  无法无天 (台)",2002
剧情 爱情,爱是摈弃傲慢与偏见之后的曙光。,"乔·怀特 ,Joe Wright",140,8.6,法国 英国 美国,517625,"傲慢与偏见,Pride & Prejudice,傲慢与偏见2005  /  Pride And Prejudice",2005
喜剧 爱情 奇幻,把每天当作最后一天般珍惜度过，积极拥抱生活，就是幸福。,"理查德·柯蒂斯 ,Richard Curtis",141,8.7,英国,372683,"时空恋旅人,About Time,时空旅恋人  /  回到最爱的一天(港)",2013
悬疑 惊悚 恐怖,真相就在眼前。,"詹姆斯·温 ,James Wan",142,8.7,美国,343114,"电锯惊魂,Saw,夺魂锯(台)  /  恐惧斗室(港)",2004
剧情 犯罪,任何信念的力量，都无法改变命运。,"弗朗西斯·福特·科波拉 ,Francis Ford Coppola",143,8.9,美国,235035,"教父3,The Godfather: Part III,教父第三集  /  教父 III",1990
剧情 喜剧 爱情 同性 家庭,中国家庭的喜怒哀乐忍。,"李安 ,Ang Lee",144,8.9,中国台湾 美国,231361,"喜宴,囍宴,The Wedding Banquet",1993
动作 喜剧 犯罪 奇幻,警恶惩奸，维护世界和平这个任务就交给你了，好吗？,"周星驰 ,Stephen Chow",145,8.5,中国大陆 中国香港,630119,"功夫,功夫3D  /  Kung Fu Hustle",2004
动作 悬疑 惊悚,像吃了苏打饼一样干脆的电影。,"保罗·格林格拉斯 ,Paul Greengrass",146,8.8,美国 德国,298326,"谍影重重3,The Bourne Ultimatum,叛谍追击3：最后通牒(港)  /  神鬼认证：最后通牒 (台)",2007
剧情 家庭,岁月流逝，来日可追。,"罗启锐 ,Alex Law",147,8.7,中国香港 中国大陆,443850,"岁月神偷,歲月神偷,1969太空漫游  /  Echoes Of The Rainbow",2010
剧情 动作 犯罪,英雄泪短，兄弟情长。 ,"吴宇森 ,John Woo",148,8.7,中国香港,339610,"英雄本色,A Better Tomorrow  /  Gangland Boss",1986
剧情 动作 西部 冒险,热血沸腾，那个低俗、性感的无耻混蛋又来了。,"昆汀·塔伦蒂诺 ,Quentin Tarantino",149,8.7,美国,422432,"被解救的姜戈,Django Unchained,被解放的姜戈  /  决杀令(台)",2012
动作 冒险 剧情,时代悲歌。,"黑泽明 ,Akira Kurosawa",150,9.2,日本,128404,"七武士,七人の侍,七侠四义(港)  /  The Seven Samurai",1954
动画 奇幻,传奇的年代，醉人的童话。,"王树忱 ,Shuchen Wang ",151,9.2,中国大陆,134241,"天书奇谭,The Legend of Sealed Book  /  Secrets of the Heavenly Book",1983(中国大陆)
喜剧 动画 冒险,老少皆宜，这就是好莱坞动画的魅力。,"科克·德·米科 ,Kirk De Micco ",152,8.7,美国,599620,"疯狂原始人,The Croods,古鲁家族(港 / 台) ",2013
冒险 动画 奇幻,想你时你在闹海。,"严定宪 ,Dingxian Yan ",153,9.1,中国大陆,165889,"哪吒闹海,Prince Nezha's Triumph Against Dragon King  /  Nezha nao hai",1979
剧情 家庭,爱并不需要智商 。,"杰茜·尼尔森 ,Jessie Nelson",154,8.9,美国,201671,"我是山姆,I Am Sam,不一样的爸爸(港)  /  他不笨，他是我爸爸(台)",2001
剧情 犯罪 悬疑,荒诞讽刺，千奇百巧，抽丝剥茧，百转千回。,"忻钰坤 ,Yukun Xin",155,8.7,中国大陆,334352,"心迷宫,殡棺  /  The Coffin in the Mountain",2014
剧情 犯罪,怼天怼地，你走后，她与世界为敌。,"马丁·麦克唐纳 ,Martin McDonagh",156,8.7,美国 英国,585537,"三块广告牌,Three Billboards Outside Ebbing, Missouri,意外(台)  /  广告牌杀人事件(港)",2017
动画 剧情 战争,幸福是生生不息，却难以触及的远。 ,"高畑勋 ,Isao Takahata",157,8.7,日本,310764,"萤火虫之墓,火垂るの墓,再见萤火虫(港)  /  萤火挽歌",1988
剧情 喜剧 动作 犯罪,香港浪漫主义警匪动作片的巅峰之作。,"吴宇森 ,John Woo",158,8.8,中国香港,275328,"纵横四海,緃横四海,Once a Thief",1991
喜剧 剧情 爱情,爱，是个动词。,"理查德·柯蒂斯 ,Richard Curtis",159,8.6,英国 美国 法国,506396,"真爱至上,Love Actually,爱是您，爱是我(台)  /  真的恋爱了(港)",2003
纪录片,土壤没有落叶不会肥沃，没有了你就不算人生。,"伏原健之 ,Kenshi Fushihara",160,9.5,日本,81362,"人生果实,人生フルーツ,积存时间的生活(台)  /  人生水果",2017
剧情 传记 同性,Jared Leto的腿比女人还美！,"让-马克·瓦雷 ,Jean-Marc Vallée",161,8.8,美国,311807,"达拉斯买家俱乐部,Dallas Buyers Club,续命枭雄(港)  /  药命俱乐部(台)",2013
动作 科幻 冒险,写给影迷，动漫迷和游戏迷的一封情书。,"史蒂文·斯皮尔伯格 ,Steven Spielberg",162,8.7,美国,978131,"头号玩家,Ready Player One,玩家一号  /  挑战者1号(港)",2018
剧情 动作 爱情 武侠 古装,电影诗。,"王家卫 ,Kar Wai Wong",163,8.6,中国香港 中国台湾,419812,"东邪西毒,東邪西毒,Ashes of Time",1994
剧情 喜剧 犯罪,始于荒诞，止于更荒诞。,"达米安·斯兹弗隆 ,Damián Szifron",164,8.8,阿根廷 西班牙,281933,"荒蛮故事,Relatos salvajes,蛮荒故事  /  生命中最抓狂的小事(台)",2014
剧情 音乐,这个世界从不善待努力的人，努力了也不一定会成功，但是知道自己在努力，就是活下去的动力。,"达米恩·查泽雷 ,Damien Chazelle",165,8.7,美国,382112,"爆裂鼓手,Whiplash,鼓动真我(港)  /  进击的鼓手(台)",2014
犯罪 剧情 悬疑 惊悚,一个针管引发的血案。,"克里斯托弗·诺兰 ,Christopher Nolan",166,8.6,美国,426482,"记忆碎片,Memento,失忆  /  记忆拼图(台)",2000
剧情 爱情,上帝之城+猜火车+阿甘正传+开心辞典=山寨富翁,"丹尼·鲍尔 ,Danny Boyle ",167,8.6,英国 美国,551623,"贫民窟的百万富翁,Slumdog Millionaire,贫民百万富翁(台)  /  一百万零一夜(港)",2008
剧情 惊悚,黑暗之美。,"达伦·阿罗诺夫斯基 ,Darren Aronofsky",168,8.6,美国,617873,"黑天鹅,Black Swan,夺命黑天鹅  /  霸王别鹅(豆友译名)",2010
动作 惊悚 灾难,揭露人性的丧尸题材力作。,"延尚昊 ,Sang-ho Yeon",169,8.5,韩国,757526,"釜山行,부산행,尸速列车(台)  /  尸杀列车(港)",2016
剧情 爱情,偷情本没有这样美。,"王家卫 ,Kar Wai Wong",170,8.6,中国香港,390789,"花样年华,花樣年華,In the Mood for Love",2000
剧情 爱情 动画,穿越错位的时空，仰望陨落的星辰，你没留下你的名字，我却无法忘记那句“我爱你”。,"新海诚 ,Makoto Shinkai",171,8.4,日本,937225,"你的名字。,君の名は。,你的名字  /  君之名",2016
剧情 历史 战争,当这个世界闭上双眼，他却敞开了怀抱。,"特瑞·乔治 ,Terry George",172,8.9,英国 南非 意大利,197188,"卢旺达饭店,Hotel Rwanda,卢安达饭店(台)",2004
剧情,养狗三日，便会对你终其一生。,",Seijirô Kôyama",173,9.2,日本,125059,"忠犬八公物语,ハチ公物語,八千公物语  /  阿八的故事",1987
喜剧 动画 冒险,愿我们都不用长大，每一座城堡都能永远存在。,"彼特·道格特 ,Pete Docter ",174,8.7,美国,402434,"头脑特工队,Inside Out,玩转脑朋友(港)  /  脑筋急转弯(台)",2015
剧情 传记 战争 同性,他给机器起名“克里斯托弗”，因为这是他初恋的名字。,"莫滕·泰杜姆 ,Morten Tyldum",175,8.7,英国 美国,416765,"模仿游戏,The Imitation Game,解码游戏(港)  /  模拟游戏",2014
动作 科幻,不得不说，《黑客帝国》系列是商业片与科幻、哲学完美结合的典范。,",Andy Wachowski ",176,8.7,美国 澳大利亚,282848,"黑客帝国3：矩阵革命,The Matrix Revolutions,骇客任务完结篇：最后战役  /  廿二世纪杀人网络3：惊变世纪",2003
剧情,生活在自己的世界里，也可以让周围的人显得可笑和渺小。,"巴瑞·莱文森 ,Barry Levinson",177,8.7,美国,300453,"雨人,Rain Man,手足情未了(港)  /  手足情深",1988
剧情,惠及一生的美丽。,"汉内斯·赫尔姆 ,Hannes Holm",178,8.8,瑞典,246189,"一个叫欧维的男人决定去死,En man som heter Ove,明天别再来敲门(台)  /  想死冇咁易(港)",2015
剧情 动画 儿童,感情不分食草或者食肉。,"藤森雅也 ,Masaya Fujimori",179,8.9,日本,238048,"你看起来好像很好吃,おまえうまそうだな,你看起来很好吃(台)  /  你看上去好像很好吃",2010
喜剧 动画 奇幻 冒险,迪士尼和皮克斯拿错剧本的产物。,"瑞奇·莫尔 ,Rich Moore",180,8.7,美国,366104,"无敌破坏王,Wreck-It Ralph,破坏王拉尔夫  /  破坏王大冒险",2012
动画 奇幻 惊悚,好的剧本是，就算你猜到了结局也猜不到全部。,"今敏 ,Satoshi Kon",181,8.9,日本,179008,"未麻的部屋,Perfect Blue,蓝色的恐惧  /  蓝色恐惧",1997
奇幻 冒险,不一样的导演，不一样的哈利·波特。,",Alfonso Cuarón",182,8.6,英国 美国,365679,"哈利·波特与阿兹卡班的囚徒,Harry Potter and the Prisoner of Azkaban,哈利波特3：阿兹卡班的逃犯(港 / 台) ",2004
剧情 爱情,爱情没有那么多借口，如果不能圆满，只能说明爱的不够。 ,"尼克·卡索维茨 ,Nick Cassavetes",183,8.5,美国,454140,"恋恋笔记本,The Notebook,忘了·忘不了(港)  /  手札情缘(台)",2004
喜剧 动画 冒险,松鼠才是角儿。,"卡洛斯·沙尔丹哈 ,Carlos Saldanha ",184,8.6,美国,440796,"冰川时代,Ice Age,冰河世纪  /  冰原历险记",2002
剧情 家庭,是枝裕和的家庭习作。,"是枝裕和 ,Hirokazu Koreeda",185,8.8,日本,264607,"海街日记,海街diary,海街女孩日记(港)  /  Kamakura Diary",2015
剧情 家庭,我们都有权利不与自己的过去和解。,"肯尼斯·罗纳根 ,Kenneth Lonergan",186,8.6,美国,341532,"海边的曼彻斯特,Manchester by the Sea,情系海边之城(港)",2016
奇幻 冒险,魔法的密室之门已打开...,",Chris Columbus",187,8.6,美国 英国 德国,384645,"哈利·波特与密室,Harry Potter and the Chamber of Secrets,哈利波特2：消失的密室(港 / 台) ",2002
剧情 犯罪,要做就做得狠一点，这样才能活下去。,"朴勋政 ,Hoon-jung Park",188,8.8,韩国,215401,"新世界,신세계,暗黑新世界(台)  /  New World",2013
纪录片,有一些东西不应该被遗忘。,"郭柯 ,Ke Guo",189,8.7,中国大陆,205152,"二十二,Twenty Two  /  22",2015
喜剧 战争,永远看不腻的喜剧。,"杰拉尔·乌里 ,Gérard Oury",190,8.9,法国 英国,163376,"虎口脱险,La grande vadrouille,横冲直撞出重围(港)  /  大進擊(台)",1966
剧情 家庭,被偷走的岁月，被伤害的生命，被禁锢的灵魂，终将被希望和善意救赎。,"伦尼·阿伯拉罕森 ,Lenny Abrahamson",191,8.8,爱尔兰 加拿大 英国 美国,273564,"房间,Room,不存在的房间(台)  /  抖室(港)",2015
剧情 悬疑 惊悚,不要企图在重复中寻找已经失去的爱。,"克里斯托弗·史密斯 ,Christopher Smith",192,8.5,英国 澳大利亚,543656,"恐怖游轮,Triangle,汪洋血迷宮(台)  /  轮回三角",2009
喜剧 歌舞 爱情,骨灰级歌舞片。,"斯坦利·多南 ,Stanley Donen ",193,9.0,美国,142923,"雨中曲,Singin' in the Rain,雨中情  /  万花嬉春",1952
冒险 剧情 科幻,对爱的执着，可以超越一切。,"史蒂文·斯皮尔伯格 ,Steven Spielberg",194,8.6,美国,303021,"人工智能,Artificial Intelligence: AI,AI人工智慧",2001
动画 奇幻 冒险,宫崎骏的电影总让人感觉世界是美好的，阳光明媚的。,"宫崎骏 ,Hayao Miyazaki",195,8.6,日本,323087,"魔女宅急便,魔女の宅急便,魔女琪琪(台)  /  小魔女限时专送",1989
悬疑 惊悚 恐怖,故事的反转与反转，分裂电影的始祖。,"阿尔弗雷德·希区柯克 ,Alfred Hitchcock",196,9.0,美国,155716,"惊魂记,Psycho,精神病患者  /  触目惊心",1960
剧情 儿童 家庭,世界不完美，爱会有奇迹。,"斯蒂芬·卓博斯基 ,Stephen Chbosky",197,8.6,美国 中国香港,398224,"奇迹男孩,Wonder,奇迹",2017
喜剧 犯罪,中国版《两杆大烟枪》。,"宁浩 ,Hao Ning",198,8.4,中国大陆 中国香港,550057,"疯狂的石头,Crazy Stone",2006
纪录片,大海啊，不全是水。,"雅克·贝汉 ,Jacques Perrin ",199,9.1,法国 瑞士 西班牙 美国 阿联酋,127121,"海洋,Océans,Oceans  /  海洋",2009
剧情 犯罪 悬疑,人生的N种可能性。,"黑泽明 ,Akira Kurosawa",200,8.8,日本,209662,"罗生门,羅生門,Rashomon",1950
剧情 爱情 战争 西部,传奇，不是每个人都可以拥有。,"爱德华·兹威克 ,Edward Zwick",201,8.8,美国,208660,"燃情岁月,Legends of the Fall,秋日传奇  /  真爱一世情(台)",1994
动作 科幻,少见的超越首部的续集，动作片中的经典。,"詹姆斯·卡梅隆 ,James Cameron",202,8.7,美国 法国,242919,"终结者2：审判日,Terminator 2: Judgment Day,终结者2  /  终结者2：末日审判",1991
剧情 爱情 战争,中国式内在的美国电影。,"茂文·勒鲁瓦 ,Mervyn LeRoy",203,8.8,美国,191145,"魂断蓝桥,Waterloo Bridge,滑铁卢桥  /  断桥残梦",1940
剧情 爱情,所谓爱情，就是话唠一路，都不会心生腻烦，彼此嫌弃。,"理查德·林克莱特 ,Richard Linklater",204,8.8,美国 希腊,213263,"爱在午夜降临前,Before Midnight,爱在午夜希腊时(台)  /  情约半生(港)",2013
剧情 爱情 科幻 动画,爱上未来的你。 ,"细田守 ,Mamoru Hosoda",205,8.6,日本,286039,"穿越时空的少女,時をかける少女,跳跃吧！时空少女(台)  /  Toki o kakeru shôjo",2006
剧情 喜剧 爱情,黑小鸭速效美白记。,"普特鹏·普罗萨卡·那·萨克那卡林 ,Puttipong Promsaka Na Sakolnakorn ",206,8.4,泰国,736441,"初恋这件小事,สิ่งเล็กเล็กที่เรียกว่า...รัก,初恋那件小事(港)  /  暗恋那点小事",2010
剧情 犯罪,坚硬的信仰。,"陆川 ,Chuan Lu",207,8.8,中国大陆 中国香港,201265,"可可西里,Kekexili: Mountain Patrol",2004
剧情 犯罪 家庭,我们组成了家。,"是枝裕和 ,Hirokazu Koreeda",208,8.7,日本,557829,"小偷家族,万引き家族,Shoplifters  /  Une Affaire de Famille",2018
犯罪 剧情 奇幻 悬疑,天使暂时离开。,",Frank Darabont",209,8.8,美国,182737,"绿里奇迹,The Green Mile,绿色奇迹(台)  /  绿色英里",1999
科幻 惊悚 冒险,现代科幻电影的开山之作，最伟大导演的最伟大影片。,"斯坦利·库布里克 ,Stanley Kubrick",210,8.8,英国 美国,190764,"2001太空漫游,2001: A Space Odyssey,2001：星际漫游  /  2001：太空奥德赛",1968
剧情 喜剧,来啊，互相伤害啊！,"保罗·格诺维瑟 ,Paolo Genovese",211,8.5,意大利,388073,"完美陌生人,Perfetti sconosciuti,完美谎情(港)  /  波动的信息分享",2016
剧情 犯罪,弱者送给弱者的一刀。,"杨德昌 ,Edward Yang",212,8.8,中国台湾,176079,"牯岭街少年杀人事件,牯嶺街少年殺人事件,A Brighter Summer Day",1991
剧情 犯罪,昆汀同学越来越变态了，比北野武还杜琪峰。,",Quentin Tarantino",213,8.6,德国 美国,341963,"无耻混蛋,Inglourious Basterds,恶棍特工(台)  /  希魔撞正杀人狂(港)",2009
犯罪 剧情 爱情,王家卫是一种风格，张国荣是一个代表。,"王家卫 ,Kar Wai Wong",214,8.5,中国香港,343235,"阿飞正传,阿飛正傳,Days of Being Wild",1990
剧情 犯罪 奇幻,一个单凭体香达到高潮的男人。,"汤姆·提克威 ,Tom Tykwer",215,8.5,德国 法国 西班牙 美国,408030,"香水,Perfume: The Story of a Murderer,香水：一个杀人犯的故事  /  香水：一个谋杀犯的故事",2006
动作 爱情 武侠 古装,嬉笑怒骂，调风动月。,"李惠民 ,Raymond Lee",216,8.6,中国香港 中国大陆,305869,"新龙门客栈,新龍門客棧,New Dragon Gate Inn",1992
科幻 悬疑 惊悚,邓肯·琼斯继《月球》之后再度奉献出一部精彩绝伦的科幻佳作。,"邓肯·琼斯 ,Duncan Jones",217,8.4,美国 加拿大,587377,"源代码,Source Code,启动原始码(台)  /  危机解密(港)",2011
动作 悬疑 惊悚,谁说王家卫镜头很晃？,"保罗·格林格拉斯 ,Paul Greengrass",218,8.6,美国 德国,252081,"谍影重重2,The Bourne Supremacy,叛谍追击2：机密圈套(港)  /  神鬼认证：神鬼疑云(台)",2004
喜剧 剧情 爱情,永远的小人物，伟大的卓别林。,",Charles Chaplin",219,9.3,美国,83281,"城市之光,City Lights,City Lights: A Comedy Romance in Pantomime  /  Lichter der Großstadt",1931
动作 悬疑 惊悚,哗啦啦啦啦，天在下雨，哗啦啦啦啦，云在哭泣……找自己。,"道格·里曼 ,Doug Liman",220,8.6,美国 德国 捷克,301466,"谍影重重,The Bourne Identity,叛谍追击(港)  /  神鬼认证(台)",2002
剧情 犯罪,不可猜的青春迷笛。 ,"丹尼·博伊尔 ,Danny Boyle",221,8.5,英国,332540,"猜火车,Trainspotting,迷幻列车(港)  /  定位的火车",1996
剧情 爱情 奇幻 古装,人生如此，浮生如斯。谁人言，花彼岸，此生情长意短。谁都是不懂爱的罢了。,"徐克 ,Hark Tsui",222,8.5,中国香港,351961,"青蛇,Green Snake",1993
剧情 犯罪,做一颗让别人需要你的棋子。,"安德鲁·尼科尔 ,Andrew Niccol",223,8.6,美国 法国,254367,"战争之王,Lord of War,军火之王(台 / 港) ",2005
剧情 儿童 家庭,天使保护事件始末。,"阿米尔·汗 ,Aamir Khan",224,8.9,印度,143370,"地球上的星星,Taare Zameen Par,心中的小星星(台)  /  每一个孩子都是特别的",2007
剧情 惊悚 冒险,每个美丽事物背后都是滴血的现实。,"爱德华·兹威克 ,Edward Zwick",225,8.6,美国 德国,242492,"血钻,Blood Diamond,血钻石(台)  /  血腥钻石",2006
剧情 爱情,当爱情跨越年龄的界限，它似乎能变得更久远一点，成为一种责任，一种水到渠成的相濡以沫。 ,"史蒂芬·戴德利 ,Stephen Daldry",226,8.6,美国 德国,362013,"朗读者,The Reader,为爱朗读(台)  /  读爱(港)",2008
剧情 惊悚,世界离独裁只有五天。,"丹尼斯·甘塞尔 ,Dennis Gansel",227,8.7,德国,196826,"浪潮,Die Welle,恶魔教室(台)  /  白恤暴潮(港)",2008
剧情 爱情 情色,假戏真情，爱欲深海,"李安 ,Ang Lee",228,8.4,中国台湾 中国大陆 美国 中国香港,458489,"色，戒,色|戒  /  色·戒",2007
科幻 悬疑 惊悚,小成本大魅力。,"詹姆斯·沃德·布柯特 ,James Ward Byrkit",229,8.5,美国 英国,342200,"彗星来的那一夜,Coherence,相干性  /  相干效应",2013
冒险 喜剧 剧情,用剩余不多的时间，去燃烧整个生命。,"罗伯·莱纳 ,Rob Reiner",230,8.6,美国,248879,"遗愿清单,The Bucket List,玩转身前事(港)  /  一路玩到挂(台)",2007
动作 科幻 冒险,“多么美好的一天！”轰轰轰砰咚，啪哒哒哒轰隆隆，磅~,"乔治·米勒 ,George Miller",231,8.6,澳大利亚 美国,353917,"疯狂的麦克斯4：狂暴之路,Mad Max: Fury Road,末日先锋：战甲飞车(港)  /  疯狂麦斯：愤怒道(台)",2015
剧情 喜剧 犯罪,人们可以登上月球，却永远无法探索人们内心的宇宙。,"黄信尧 ,Hsin-yao Huang",232,8.7,中国台湾,255687,"大佛普拉斯,The Great Buddha+",2017
剧情 家庭,日本的家庭电影已经是世界巅峰了，步履不停是巅峰中的佳作。,"是枝裕和 ,Hirokazu Koreeda",233,8.8,日本,171633,"步履不停,歩いても 歩いても,横山家之味(港 / 台) ",2008
剧情 喜剧 动作,宝莱坞的萝莉与大叔。,"卡比尔·汗 ,Kabir Khan",234,8.4,印度,337241,"小萝莉的猴神大叔,Bajrangi Bhaijaan,娃娃返乡任务(台)  /  宝莱坞之钢铁奶爸(台)",2015
喜剧 爱情 音乐,爱我就给我看你的播放列表。,"约翰·卡尼 ,John Carney",235,8.5,美国,289721,"再次出发之纽约遇见你,Begin Again,再次出发  /  歌曲改变人生",2013
剧情 传记,新闻人的理性求真。,"托马斯·麦卡锡 ,Thomas McCarthy",236,8.8,美国,201526,"聚焦,Spotlight,焦点追击(港)  /  惊爆焦点(台)",2015
犯罪 悬疑 惊悚,诺兰的牛逼来源于内心散发出的恐惧。,"克里斯托弗·诺兰 ,Christopher Nolan",237,8.9,英国,126449,"追随,Following,跟踪(台)  /  致命追踪",1998
剧情 家庭,东京那么大，如果有一天走失了，恐怕一辈子不能再相见。,"小津安二郎 ,Yasujirô Ozu",238,9.2,日本,86926,"东京物语,東京物語,东京故事  /  Tokyo Story",1953
剧情 喜剧,过去的如果就让它过去了，未来只会越来越糟！,"周申 ,Shen Zhou ",239,8.3,中国大陆,633072,"驴得水,Mr. Donkey",2016
剧情 家庭,只有有信仰的人才能说出事实真相。,"阿斯哈·法哈蒂 , Asghar Farhadi",240,8.7,伊朗 法国,190527,"一次别离,جدایی نادر از سیمین,分居风暴(台)  /  伊朗式分居(港)",2011
动作 历史 战争,还原真实而残酷的战争。,"雷德利·斯科特 ,Ridley Scott",241,8.7,美国,201234,"黑鹰坠落,Black Hawk Down,黑鹰15小时(港)  /  黑鹰计划(台)",2001
剧情 科幻 惊悚,一部能引人思考的科幻励志片。,"安德鲁·尼科尔 ,Andrew Niccol",242,8.8,美国,163485,"千钧一发,Gattaca,变种异煞  /  自然人",1997
剧情 爱情,你要相信，这世上真的有爱存在，不管在什么年纪 ,"秋昌民 ,Chang-min Choo",243,9.0,韩国,103908,"我爱你,그대를 사랑합니다,爱你  /  爱，是一生相伴(台)",2011
犯罪 剧情 科幻,我完全康复了。,",Stanley Kubrick",244,8.5,英国 美国,272357,"发条橙,A Clockwork Orange,发条桔子  /  发条橙子",1971
纪录片 家庭,来也匆匆去也匆匆，就这样风雨兼程。,"陆庆屹 ,Lu Qing Yi",245,8.9,中国大陆,112029,"四个春天,Four Springs",2017
剧情 犯罪 悬疑 惊悚,,"阿尼什·查甘蒂 ,Aneesh Chaganty",246,8.6,美国 俄罗斯,364715,"网络谜踪,Searching,人肉搜寻(港)  /  人肉搜索(台)",2018
剧情 科幻,生病的E.T.皮肤的颜色就像柿子饼。,"史蒂文·斯皮尔伯格 ,Steven Spielberg",247,8.6,美国,248873,"E.T. 外星人,E.T.: The Extra-Terrestrial,外星人E.T.  /  外星人",1982
犯罪 剧情,天使与魔鬼的冲撞。,"保罗·哈吉斯 ,Paul Haggis",248,8.6,美国 德国,244208,"撞车,Crash,冲击效应  /  冲撞",2004
动作 科幻 犯罪 惊悚,当发哥的风衣、墨镜出现在了凯奇身上⋯⋯,"吴宇森 ,John Woo",249,8.5,美国,309881,"变脸,Face/Off,夺面双雄  /  夺命双雄",1997
剧情,一场没有春天的噩梦。,"达伦·阿伦诺夫斯基 ,Darren Aronofsky",250,8.7,美国,160042,"梦之安魂曲,Requiem for a Dream,噩梦挽歌(台)  /  迷上瘾(港)",2000
